domain,group_unit,method,metric,estimate,q025,q975,n_groups,scope,claim_status,note
STEAD,station-hash bootstrap,point,point_brier,0.0326622628038722,0.0232777503770174,0.0462889818206335,236.0,frozen holdout descriptive clustered bootstrap,measured; no external rerun,5000 station-key resamples; queue-input metric is not a PhaseNet accuracy guarantee
STEAD,station-hash bootstrap,region,region_brier,0.0521256004029341,0.0384708134928607,0.0682926527052206,236.0,frozen holdout descriptive clustered bootstrap,measured; no external rerun,5000 station-key resamples; queue-input metric is not a PhaseNet accuracy guarantee
STEAD,station-hash bootstrap,point-vs-region,brier_diff_region_minus_point,0.0189431828363347,0.0099944121028265,0.0297047894763982,236.0,frozen holdout descriptive clustered bootstrap,measured; no external rerun,5000 station-key resamples; queue-input metric is not a PhaseNet accuracy guarantee
STEAD,station-hash bootstrap,point,point_logloss,0.1332050710459759,0.1007466717270951,0.1756704986780456,236.0,frozen holdout descriptive clustered bootstrap,measured; no external rerun,5000 station-key resamples; queue-input metric is not a PhaseNet accuracy guarantee
STEAD,station-hash bootstrap,region,region_logloss,0.1922412093576858,0.1517179462516902,0.2382080774836982,236.0,frozen holdout descriptive clustered bootstrap,measured; no external rerun,5000 station-key resamples; queue-input metric is not a PhaseNet accuracy guarantee
STEAD,station-hash bootstrap,point-vs-region,logloss_diff_region_minus_point,0.0576032112984309,0.02946963747918,0.0895095049974351,236.0,frozen holdout descriptive clustered bootstrap,measured; no external rerun,5000 station-key resamples; queue-input metric is not a PhaseNet accuracy guarantee
STEAD,station-hash bootstrap,point,point_calls80,815.0,667.0,987.0249999999996,236.0,frozen holdout descriptive clustered bootstrap,measured; no external rerun,5000 station-key resamples; queue-input metric is not a PhaseNet accuracy guarantee
STEAD,station-hash bootstrap,region,region_calls80,849.0,696.0,1028.0,236.0,frozen holdout descriptive clustered bootstrap,measured; no external rerun,5000 station-key resamples; queue-input metric is not a PhaseNet accuracy guarantee
STEAD,station-hash bootstrap,point-vs-region,calls_diff_region_minus_point,34.0,8.0,74.02499999999964,236.0,frozen holdout descriptive clustered bootstrap,measured; no external rerun,5000 station-key resamples; queue-input metric is not a PhaseNet accuracy guarantee
STEAD,station-hash bootstrap,point,point_recall80,0.8006676870666164,0.8,0.8029704704270778,236.0,frozen holdout descriptive clustered bootstrap,measured; no external rerun,5000 station-key resamples; queue-input metric is not a PhaseNet accuracy guarantee
STEAD,station-hash bootstrap,region,region_recall80,0.8104411196068404,0.8003991029798112,0.8310701292383188,236.0,frozen holdout descriptive clustered bootstrap,measured; no external rerun,5000 station-key resamples; queue-input metric is not a PhaseNet accuracy guarantee
STEAD,station-hash bootstrap,point-vs-region,recall_diff_region_minus_point,0.0095816042990219,-0.0008467759600515,0.0303630641616276,236.0,frozen holdout descriptive clustered bootstrap,measured; no external rerun,5000 station-key resamples; queue-input metric is not a PhaseNet accuracy guarantee
EEG,unseen subject,calibrated_neural_isotonic,subject_brier,0.2596646192381078,0.240620652975069,0.2788745086470457,19.0,19 unseen query subjects; subject bootstrap,measured; no clinical claim,subject-level interval for Brier/log-loss/ECE; coverage is empirical over declared subjects
EEG,unseen subject,calibrated_neural_isotonic,subject_log_loss,0.7668417423223423,0.6895545162435076,0.8728978882532866,19.0,19 unseen query subjects; subject bootstrap,measured; no clinical claim,subject-level interval for Brier/log-loss/ECE; coverage is empirical over declared subjects
EEG,unseen subject,calibrated_neural_isotonic,subject_ece,0.2038188738788952,0.1650685270770457,0.2529588115556467,19.0,19 unseen query subjects; subject bootstrap,measured; no clinical claim,subject-level interval for Brier/log-loss/ECE; coverage is empirical over declared subjects
EEG,unseen subject,calibrated_neural_isotonic,subject_interval_coverage,1.0,,,19.0,19 unseen query subjects; subject bootstrap,measured; no clinical claim,subject-level interval for Brier/log-loss/ECE; coverage is empirical over declared subjects
EEG,unseen subject,deep_ensemble_frozen_encoder,subject_brier,0.2738460132192908,0.2430525972967379,0.3069622012360208,19.0,19 unseen query subjects; subject bootstrap,measured; no clinical claim,subject-level interval for Brier/log-loss/ECE; coverage is empirical over declared subjects
EEG,unseen subject,deep_ensemble_frozen_encoder,subject_log_loss,0.7901526495789096,0.6942759778074726,0.904743094795213,19.0,19 unseen query subjects; subject bootstrap,measured; no clinical claim,subject-level interval for Brier/log-loss/ECE; coverage is empirical over declared subjects
EEG,unseen subject,deep_ensemble_frozen_encoder,subject_ece,0.2662570059716682,0.2237190997878471,0.3149622694872991,19.0,19 unseen query subjects; subject bootstrap,measured; no clinical claim,subject-level interval for Brier/log-loss/ECE; coverage is empirical over declared subjects
EEG,unseen subject,deep_ensemble_frozen_encoder,subject_interval_coverage,1.0,,,19.0,19 unseen query subjects; subject bootstrap,measured; no clinical claim,subject-level interval for Brier/log-loss/ECE; coverage is empirical over declared subjects
EEG,unseen subject,granular_region,subject_brier,0.2488269665163722,0.2381574439583399,0.2589828645259506,19.0,19 unseen query subjects; subject bootstrap,measured; no clinical claim,subject-level interval for Brier/log-loss/ECE; coverage is empirical over declared subjects
EEG,unseen subject,granular_region,subject_log_loss,0.6911620301063469,0.6696568728493556,0.7119549666964272,19.0,19 unseen query subjects; subject bootstrap,measured; no clinical claim,subject-level interval for Brier/log-loss/ECE; coverage is empirical over declared subjects
EEG,unseen subject,granular_region,subject_ece,0.1298515358075848,0.0924307288231218,0.1763927561810302,19.0,19 unseen query subjects; subject bootstrap,measured; no clinical claim,subject-level interval for Brier/log-loss/ECE; coverage is empirical over declared subjects
EEG,unseen subject,granular_region,subject_interval_coverage,0.5157894736842106,,,19.0,19 unseen query subjects; subject bootstrap,measured; no clinical claim,subject-level interval for Brier/log-loss/ECE; coverage is empirical over declared subjects
EEG,unseen subject,mc_dropout,subject_brier,0.2628491561720134,0.2359409570723226,0.2927382829778626,19.0,19 unseen query subjects; subject bootstrap,measured; no clinical claim,subject-level interval for Brier/log-loss/ECE; coverage is empirical over declared subjects
EEG,unseen subject,mc_dropout,subject_log_loss,0.7371669714338497,0.6703445056841659,0.8166257917002807,19.0,19 unseen query subjects; subject bootstrap,measured; no clinical claim,subject-level interval for Brier/log-loss/ECE; coverage is empirical over declared subjects
EEG,unseen subject,mc_dropout,subject_ece,0.2460742695420088,0.2079447021638166,0.2917716909940515,19.0,19 unseen query subjects; subject bootstrap,measured; no clinical claim,subject-level interval for Brier/log-loss/ECE; coverage is empirical over declared subjects
EEG,unseen subject,mc_dropout,subject_interval_coverage,1.0,,,19.0,19 unseen query subjects; subject bootstrap,measured; no clinical claim,subject-level interval for Brier/log-loss/ECE; coverage is empirical over declared subjects
EEG,unseen subject,split_conformal,subject_brier,0.2727230436763355,0.2421396625638275,0.3081623535972901,19.0,19 unseen query subjects; subject bootstrap,measured; no clinical claim,subject-level interval for Brier/log-loss/ECE; coverage is empirical over declared subjects
EEG,unseen subject,split_conformal,subject_log_loss,0.7852920679454165,0.6908196369349275,0.9018332589492988,19.0,19 unseen query subjects; subject bootstrap,measured; no clinical claim,subject-level interval for Brier/log-loss/ECE; coverage is empirical over declared subjects
EEG,unseen subject,split_conformal,subject_ece,0.267204375410716,0.2275613227727147,0.3098951897083647,19.0,19 unseen query subjects; subject bootstrap,measured; no clinical claim,subject-level interval for Brier/log-loss/ECE; coverage is empirical over declared subjects
EEG,unseen subject,split_conformal,subject_interval_coverage,1.0,,,19.0,19 unseen query subjects; subject bootstrap,measured; no clinical claim,subject-level interval for Brier/log-loss/ECE; coverage is empirical over declared subjects
EEG,unseen subject,temperature_scaling,subject_brier,0.247387742249944,0.2377361664032004,0.2580152123073057,19.0,19 unseen query subjects; subject bootstrap,measured; no clinical claim,subject-level interval for Brier/log-loss/ECE; coverage is empirical over declared subjects
EEG,unseen subject,temperature_scaling,subject_log_loss,0.6902749277387538,0.6683674988503021,0.7162600827967401,19.0,19 unseen query subjects; subject bootstrap,measured; no clinical claim,subject-level interval for Brier/log-loss/ECE; coverage is empirical over declared subjects
EEG,unseen subject,temperature_scaling,subject_ece,0.1700642518940297,0.1332305400979623,0.2125060508461453,19.0,19 unseen query subjects; subject bootstrap,measured; no clinical claim,subject-level interval for Brier/log-loss/ECE; coverage is empirical over declared subjects
EEG,unseen subject,temperature_scaling,subject_interval_coverage,1.0,,,19.0,19 unseen query subjects; subject bootstrap,measured; no clinical claim,subject-level interval for Brier/log-loss/ECE; coverage is empirical over declared subjects
Solar,HARPNUM/action support,point_logistic,n_unique_HARPNUM@recall0.75h24,125.0,,,,frozen historical action-budget export,descriptive; no HARPNUM bootstrap,row-level HARPNUM IDs are not present in the released prediction table; do not infer group risk CI
Solar,HARPNUM/action support,point_logistic,state_windows@recall0.75h24,775.0,,,,frozen historical action-budget export,descriptive; no HARPNUM bootstrap,positive-state proxy; not raw HMI image reread
Solar,HARPNUM/action support,regional_l1k64,n_unique_HARPNUM@recall0.75h24,166.0,,,,frozen historical action-budget export,descriptive; no HARPNUM bootstrap,row-level HARPNUM IDs are not present in the released prediction table; do not infer group risk CI
Solar,HARPNUM/action support,regional_l1k64,state_windows@recall0.75h24,1267.0,,,,frozen historical action-budget export,descriptive; no HARPNUM bootstrap,positive-state proxy; not raw HMI image reread
Solar,HARPNUM/action support,point_logistic,n_unique_HARPNUM@recall0.85h24,165.0,,,,frozen historical action-budget export,descriptive; no HARPNUM bootstrap,row-level HARPNUM IDs are not present in the released prediction table; do not infer group risk CI
Solar,HARPNUM/action support,point_logistic,state_windows@recall0.85h24,1153.0,,,,frozen historical action-budget export,descriptive; no HARPNUM bootstrap,positive-state proxy; not raw HMI image reread
Solar,HARPNUM/action support,regional_l1k64,n_unique_HARPNUM@recall0.85h24,405.0,,,,frozen historical action-budget export,descriptive; no HARPNUM bootstrap,row-level HARPNUM IDs are not present in the released prediction table; do not infer group risk CI
Solar,HARPNUM/action support,regional_l1k64,state_windows@recall0.85h24,2297.0,,,,frozen historical action-budget export,descriptive; no HARPNUM bootstrap,positive-state proxy; not raw HMI image reread
Solar,HARPNUM/action support,point_logistic,n_unique_HARPNUM@recall0.9h24,197.0,,,,frozen historical action-budget export,descriptive; no HARPNUM bootstrap,row-level HARPNUM IDs are not present in the released prediction table; do not infer group risk CI
Solar,HARPNUM/action support,point_logistic,state_windows@recall0.9h24,1476.0,,,,frozen historical action-budget export,descriptive; no HARPNUM bootstrap,positive-state proxy; not raw HMI image reread
Solar,HARPNUM/action support,regional_l1k64,n_unique_HARPNUM@recall0.9h24,422.0,,,,frozen historical action-budget export,descriptive; no HARPNUM bootstrap,row-level HARPNUM IDs are not present in the released prediction table; do not infer group risk CI
Solar,HARPNUM/action support,regional_l1k64,state_windows@recall0.9h24,2807.0,,,,frozen historical action-budget export,descriptive; no HARPNUM bootstrap,positive-state proxy; not raw HMI image reread
Solar,HARPNUM/action support,point_logistic,n_unique_HARPNUM@recall0.95h24,259.0,,,,frozen historical action-budget export,descriptive; no HARPNUM bootstrap,row-level HARPNUM IDs are not present in the released prediction table; do not infer group risk CI
Solar,HARPNUM/action support,point_logistic,state_windows@recall0.95h24,2074.0,,,,frozen historical action-budget export,descriptive; no HARPNUM bootstrap,positive-state proxy; not raw HMI image reread
Solar,HARPNUM/action support,regional_l1k64,n_unique_HARPNUM@recall0.95h24,479.0,,,,frozen historical action-budget export,descriptive; no HARPNUM bootstrap,row-level HARPNUM IDs are not present in the released prediction table; do not infer group risk CI
Solar,HARPNUM/action support,regional_l1k64,state_windows@recall0.95h24,3651.0,,,,frozen historical action-budget export,descriptive; no HARPNUM bootstrap,positive-state proxy; not raw HMI image reread
Solar,HARPNUM/action support,point_logistic,n_unique_HARPNUM@recall0.75h48,127.0,,,,frozen historical action-budget export,descriptive; no HARPNUM bootstrap,row-level HARPNUM IDs are not present in the released prediction table; do not infer group risk CI
Solar,HARPNUM/action support,point_logistic,state_windows@recall0.75h48,1044.0,,,,frozen historical action-budget export,descriptive; no HARPNUM bootstrap,positive-state proxy; not raw HMI image reread
Solar,HARPNUM/action support,regional_l1k64,n_unique_HARPNUM@recall0.75h48,191.0,,,,frozen historical action-budget export,descriptive; no HARPNUM bootstrap,row-level HARPNUM IDs are not present in the released prediction table; do not infer group risk CI
Solar,HARPNUM/action support,regional_l1k64,state_windows@recall0.75h48,1548.0,,,,frozen historical action-budget export,descriptive; no HARPNUM bootstrap,positive-state proxy; not raw HMI image reread
Solar,HARPNUM/action support,point_logistic,n_unique_HARPNUM@recall0.85h48,192.0,,,,frozen historical action-budget export,descriptive; no HARPNUM bootstrap,row-level HARPNUM IDs are not present in the released prediction table; do not infer group risk CI
Solar,HARPNUM/action support,point_logistic,state_windows@recall0.85h48,1587.0,,,,frozen historical action-budget export,descriptive; no HARPNUM bootstrap,positive-state proxy; not raw HMI image reread
Solar,HARPNUM/action support,regional_l1k64,n_unique_HARPNUM@recall0.85h48,243.0,,,,frozen historical action-budget export,descriptive; no HARPNUM bootstrap,row-level HARPNUM IDs are not present in the released prediction table; do not infer group risk CI
Solar,HARPNUM/action support,regional_l1k64,state_windows@recall0.85h48,2085.0,,,,frozen historical action-budget export,descriptive; no HARPNUM bootstrap,positive-state proxy; not raw HMI image reread
Solar,HARPNUM/action support,point_logistic,n_unique_HARPNUM@recall0.9h48,228.0,,,,frozen historical action-budget export,descriptive; no HARPNUM bootstrap,row-level HARPNUM IDs are not present in the released prediction table; do not infer group risk CI
Solar,HARPNUM/action support,point_logistic,state_windows@recall0.9h48,1991.0,,,,frozen historical action-budget export,descriptive; no HARPNUM bootstrap,positive-state proxy; not raw HMI image reread
Solar,HARPNUM/action support,regional_l1k64,n_unique_HARPNUM@recall0.9h48,376.0,,,,frozen historical action-budget export,descriptive; no HARPNUM bootstrap,row-level HARPNUM IDs are not present in the released prediction table; do not infer group risk CI
Solar,HARPNUM/action support,regional_l1k64,state_windows@recall0.9h48,2808.0,,,,frozen historical action-budget export,descriptive; no HARPNUM bootstrap,positive-state proxy; not raw HMI image reread
Solar,HARPNUM/action support,point_logistic,n_unique_HARPNUM@recall0.95h48,324.0,,,,frozen historical action-budget export,descriptive; no HARPNUM bootstrap,row-level HARPNUM IDs are not present in the released prediction table; do not infer group risk CI
Solar,HARPNUM/action support,point_logistic,state_windows@recall0.95h48,3165.0,,,,frozen historical action-budget export,descriptive; no HARPNUM bootstrap,positive-state proxy; not raw HMI image reread
Solar,HARPNUM/action support,regional_l1k64,n_unique_HARPNUM@recall0.95h48,462.0,,,,frozen historical action-budget export,descriptive; no HARPNUM bootstrap,row-level HARPNUM IDs are not present in the released prediction table; do not infer group risk CI
Solar,HARPNUM/action support,regional_l1k64,state_windows@recall0.95h48,3752.0,,,,frozen historical action-budget export,descriptive; no HARPNUM bootstrap,positive-state proxy; not raw HMI image reread
